{"cameraMode":{"drawMode":0,"name":"Shaded","section":"Shading Mode"},"sceneLighting":true,"audioPlay":false,"sceneViewState":{"showFog":true,"showMaterialUpdate":false,"showSkybox":true,"showFlares":true,"showImageEffects":true,"showParticleSystems":true},"in2DMode":false,"pivot":{"x":20.120378494262697,"y":0.0056053996086120609,"z":31.798397064208986},"rotation":{"x":-0.2771250903606415,"y":0.23392567038536073,"z":-0.06975783407688141,"w":-0.9293095469474793},"size":2.9078469276428224,"orthographic":false}