{"cameraMode":{"drawMode":0,"name":"Shaded","section":"Shading Mode"},"sceneLighting":true,"audioPlay":false,"sceneViewState":{"showFog":true,"showMaterialUpdate":false,"showSkybox":true,"showFlares":true,"showImageEffects":true,"showParticleSystems":true},"in2DMode":false,"pivot":{"x":20.247587203979493,"y":0.5761797428131104,"z":33.18000030517578},"rotation":{"x":-0.24024267494678498,"y":0.313963383436203,"z":-0.08244913071393967,"w":-0.9148330688476563},"size":2.788803815841675,"orthographic":false}